Data_coleta;Canal;Site;Categoria;Marca;Descrição;Tamanho;Preço regular;Preço promo;Link
2026-07-02;Farmácia;Pague Menos;Removedor de esmalte c/ acetona;Acetona;Acetona Alyne 100ml;100ml;5,49;;https://www.paguemenos.com.br/acetona-alyne-100ml/p
2026-07-02;Farmácia;Pague Menos;Removedor de esmalte c/ acetona;Dauf;Removedor De Esmalte Dauf Sem Acetona 10...;;7,99;;https://www.paguemenos.com.br/removedor-esmalte-dauf-sem-acetona-100ml/p
2026-07-02;Farmácia;Pague Menos;Removedor de esmalte c/ acetona;Dauf;Removedor De Esmalte Dauf Com Acetona 10...;;5,19;;https://www.paguemenos.com.br/removedor-de-esmalte-dauf-com-acetona-100ml/p
2026-07-02;Farmácia;Pague Menos;Removedor de esmalte c/ acetona;Colorama;Esmalte Cremoso Colorama Barbie Boss 8ml...;8ml;7,39;;https://www.paguemenos.com.br/esmalte-cremoso-colorama-barbie-boss-8ml/p
2026-07-02;Farmácia;Pague Menos;Removedor de esmalte c/ acetona;Risqué;Removedor de Esmalte Risqué Care Sem Ace...;;11,49;;https://www.paguemenos.com.br/removedor-care-esmalte-risque-100ml/p
2026-07-02;Farmácia;Pague Menos;Removedor de esmalte c/ acetona;Dailus;Removedor de Esmalte Dailus Sem Acetona ...;;8,99;;https://www.paguemenos.com.br/removedor-de-esmalte-dailus-90ml/p
2026-07-02;Farmácia;Pague Menos;Removedor de esmalte c/ acetona;Removedor;Removedor de Esmalte Ricca Lenços Umedec...;;12,99;;https://www.paguemenos.com.br/remov-esm-ricca-lenco-32und/p
2026-07-02;Farmácia;Pague Menos;Removedor de esmalte c/ acetona;Granado;Removedor de Esmalte Granado Pink Sem Ac...;;34,99;;https://www.paguemenos.com.br/removedor-de-esmaltes-granado-pink-sem-acetona-75ml/p
2026-07-02;Farmácia;Pague Menos;Removedor de esmalte c/ acetona;Super;Super Oferta;;85,25;75,97;https://www.paguemenos.com.br/removedor-de-esmalte-farmax-500ml-sem-acetona-1736e9102t528r79/p
2026-07-02;Farmácia;Pague Menos;Removedor de esmalte c/ acetona;Farmax;Remov Esm Farmax removedor com acetona f...;;85,25;5,19;https://www.paguemenos.com.br/remov-esm-farmax-removedor-com-acetona-farmax-80ml-12cx/p
2026-07-02;Farmácia;Pague Menos;Removedor de esmalte s/ acetona;Acetona;Acetona Alyne 100ml;100ml;5,49;;https://www.paguemenos.com.br/acetona-alyne-100ml/p
2026-07-02;Farmácia;Pague Menos;Removedor de esmalte s/ acetona;Dauf;Removedor De Esmalte Dauf Sem Acetona 10...;;7,99;;https://www.paguemenos.com.br/removedor-esmalte-dauf-sem-acetona-100ml/p
2026-07-02;Farmácia;Pague Menos;Removedor de esmalte s/ acetona;Dauf;Removedor De Esmalte Dauf Com Acetona 10...;;5,19;;https://www.paguemenos.com.br/removedor-de-esmalte-dauf-com-acetona-100ml/p
2026-07-02;Farmácia;Pague Menos;Removedor de esmalte s/ acetona;Colorama;Esmalte Cremoso Colorama Barbie Boss 8ml...;8ml;7,39;;https://www.paguemenos.com.br/esmalte-cremoso-colorama-barbie-boss-8ml/p
2026-07-02;Farmácia;Pague Menos;Removedor de esmalte s/ acetona;Risqué;Removedor de Esmalte Risqué Care Sem Ace...;;11,49;;https://www.paguemenos.com.br/removedor-care-esmalte-risque-100ml/p
2026-07-02;Farmácia;Pague Menos;Removedor de esmalte s/ acetona;Dailus;Removedor de Esmalte Dailus Sem Acetona ...;;8,99;;https://www.paguemenos.com.br/removedor-de-esmalte-dailus-90ml/p
2026-07-02;Farmácia;Pague Menos;Removedor de esmalte s/ acetona;Removedor;Removedor de Esmalte Ricca Lenços Umedec...;;12,99;;https://www.paguemenos.com.br/remov-esm-ricca-lenco-32und/p
2026-07-02;Farmácia;Pague Menos;Removedor de esmalte s/ acetona;Granado;Removedor de Esmalte Granado Pink Sem Ac...;;34,99;;https://www.paguemenos.com.br/removedor-de-esmaltes-granado-pink-sem-acetona-75ml/p
2026-07-02;Farmácia;Pague Menos;Removedor de esmalte s/ acetona;Super;Super Oferta;;85,25;75,97;https://www.paguemenos.com.br/removedor-de-esmalte-farmax-500ml-sem-acetona-1736e9102t528r79/p
2026-07-02;Farmácia;Pague Menos;Removedor de esmalte s/ acetona;Farmax;Remov Esm Farmax removedor com acetona f...;;85,25;5,19;https://www.paguemenos.com.br/remov-esm-farmax-removedor-com-acetona-farmax-80ml-12cx/p
2026-07-02;Farmácia;Pague Menos;Água oxigenada cremosa 40V;Dauf;Água Oxigenada Dauf Volume 40 Cremosa 90...;;2,99;;https://www.paguemenos.com.br/agua-oxigenada-dauf-40-volume-cremosa-90ml-nv/p
2026-07-02;Farmácia;Pague Menos;Óleo capilar/corporal 100ml;Farmax;Óleo de Amêndoas Farmax 100ml;100ml;10,99;;https://www.paguemenos.com.br/oleo-corporal-farmax-amendoas-100ml/p
2026-07-02;Farmácia;Pague Menos;Óleo capilar/corporal 100ml;Super;Super Oferta;;33,48;29,46;https://www.paguemenos.com.br/oleo-rosa-mosqueta-farmax-capilar-corporal-100ml-kit-com-3-unidades--1732i61xv3983744/p
2026-07-02;Farmácia;Pague Menos;Óleo capilar/corporal 100ml;Super;Super Oferta;;29,39;26,19;https://www.paguemenos.com.br/oleo-capilar-e-corporal-farmax-argan-100ml-171h266i867p8537/p
2026-07-02;Farmácia;Pague Menos;Óleo de banana (unha/cutícula);Óleo;Óleo de Banana Alyne 30ml;30ml;5,99;;https://www.paguemenos.com.br/oleo-banana-alyne-30ml/p
2026-07-02;Farmácia;Pague Menos;Óleo de banana (unha/cutícula);Diluente;Diluente De Esmaltes Oleo De Banana Alyn...;;13,99;;https://www.paguemenos.com.br/diluente-de-esmaltes-oleo-de-banana-alyne-100ml/p
2026-07-02;Farmácia;Pague Menos;Amolecedor de cutícula;Super;Super Oferta;;22,04;19,64;https://www.paguemenos.com.br/amolecedor-de-cuticula-ideal-com-manteiga-de-karite-100ml-1717157q33kh2322/p
2026-07-02;Farmácia;Pague Menos;Amolecedor de cutícula;Granado;Creme para Cutículas Granado Pink 100g;100g;22,99;;https://www.paguemenos.com.br/creme-para-cuticulas-granado-pink-100g/p
2026-07-02;Farmácia;Pague Menos;Amolecedor de cutícula;Dauf;Creme Amolecedor De Cutículas Dauf 100ml...;100ml;22,99;19,64;https://www.paguemenos.com.br/creme-amolecedor-de-cuticulas-dauf-100ml/p
2026-07-02;Farmácia;Pague Menos;Pedra hume pó;Pedra%20hume%20po;Pedra%20hume%20po;;499;19;https://www.paguemenos.com.br/pedra%20hume%20po
2026-07-02;Farmácia;Pague Menos;Pedra hume pó;Toalha;Toalha Umedecida Plenitud para Cuidado A...;;19,99;;https://www.paguemenos.com.br/toalha-umedecida-plenitud-42-toalhas/p
2026-07-02;Farmácia;Pague Menos;Pedra hume pó;Super;Super Oferta;;499;319,8;https://www.paguemenos.com.br/joop-homme-sport-eau-de-toilette-masculino-joop--16945251d63u35j4/p
2026-07-02;Farmácia;Pague Menos;Pedra hume spray;Pedra%20hume%20spray;Pedra%20hume%20spray;;20;12;https://www.paguemenos.com.br/pedra%20hume%20spray
2026-07-02;Farmácia;Pague Menos;Pedra hume spray;Dauf;Pedra Hume Dauf Spray 30ml 1 Unidade;30ml;12,99;;https://www.paguemenos.com.br/pedra-hume-dauf-spray-30ml/p
2026-07-02;Farmácia;Pague Menos;Pedra hume spray;Super;Super Oferta;;17,05;15;https://www.paguemenos.com.br/pedra-hume-farmax-spray-30ml-17326b1z3514r924/p
2026-07-02;Farmácia;Pague Menos;Vaselina líquida;Super;Super Oferta;;91,57;73,26;https://www.paguemenos.com.br/vaselina-liquida-cinord-1-litro-jn16984698747q56/p
2026-07-02;Farmácia;Pague Menos;Vaselina líquida;Dauf;Vaselina Liquida Dauf 100ml;100ml;11,99;;https://www.paguemenos.com.br/vaselina-liquida-dauf-100ml/p
2026-07-02;Farmácia;Pague Menos;Vaselina líquida;Vasemax;Hidratante Vaselina Liquida Vasemax 100m...;;8,79;;https://www.paguemenos.com.br/hidratante-vaselina-liquida-vasemax-100ml/p
2026-07-02;Farmácia;Pague Menos;Vaselina sólida;Dauf;Vaselina Solida Dauf 15g;15g;9,99;;https://www.paguemenos.com.br/vaselina-solida-dauf-15g/p
2026-07-02;Farmácia;Pague Menos;Vaselina sólida;Super;Super Oferta;;65,37;52,3;https://www.paguemenos.com.br/vaselina-solida-500g-cinord-unidade-169xt84699t35927/p
2026-07-02;Farmácia;Pague Menos;Vaselina sólida;Dauf;Vaselina Sólida Amorável Dauf 100g;100g;65,37;9,99;https://www.paguemenos.com.br/vaselina-solida-amoravel-dauf-100g/p
2026-07-02;Farmácia;Pague Menos;Sebo de carneiro;Super;Super Oferta;;16,9;;https://www.paguemenos.com.br/creme-para-pes-e-maos-sebo-de-carneiro-240g-macrophytus-1f715274120ip112/p
2026-07-02;Farmácia;Pague Menos;Sebo de carneiro;Super;Super Oferta;;15,9;;https://www.paguemenos.com.br/gel-massageador-canela-de-velho-com-sebo-de-carneiro-220g-macrophytus-e17v152n74120087/p
2026-07-02;Farmácia;Pague Menos;Sebo de carneiro;Super;Super Oferta;;33,8;;https://www.paguemenos.com.br/kit-2x-creme-para-pes-e-maos-sebo-de-carneiro-240g-macrophytus-17152j736hk89712/p
2026-07-02;Farmácia;Pague Menos;Sebo de carneiro;Super;Super Oferta;;15;13,2;https://www.paguemenos.com.br/bio-instinto-pomada-canela-de-velho-com-sebo-de-carneiro-150g-17h3827835x6w030/p
2026-07-02;Farmácia;Pague Menos;Sebo de carneiro;Super;Super Oferta;;31,8;;https://www.paguemenos.com.br/kit-2x-gel-massageador-canela-de-velho-com-sebo-de-carneiro-220g-macrophytus-17g152736779e6c4/p
2026-07-02;Farmácia;Pague Menos;Sebo de carneiro;Super;Super Oferta;;47,7;;https://www.paguemenos.com.br/kit-3x-gel-massageador-canela-de-velho-com-sebo-de-carneiro-220g-macrophytus-171527368w28fp71/p
2026-07-02;Farmácia;Pague Menos;Sebo de carneiro;Super;Super Oferta;;159;;https://www.paguemenos.com.br/kit-10x-gel-massageador-canela-de-velho-com-sebo-de-carneiro-220g-macrophytus-1715273w6762n7q6/p
2026-07-02;Farmácia;Pague Menos;Sebo de carneiro;Super;Super Oferta;;50,7;;https://www.paguemenos.com.br/kit-3x-creme-para-pes-e-maos-sebo-de-carneiro-240g-macrophytus-171c527vh3689693/p
2026-07-02;Farmácia;Pague Menos;Sebo de carneiro;Super;Super Oferta;;169;;https://www.paguemenos.com.br/kit-10x-creme-para-pes-e-maos-sebo-de-carneiro-240g-macrophytus-1715273a6z8c0058/p
2026-07-02;Farmácia;Panvel;Removedor de esmalte c/ acetona;Lifar;Acetona Lifar 100ml Nova Fórmula;100ml;8,99;5,99;https://www.panvel.com/panvel/acetona-lifar-100ml-nova-formula/p-112719
2026-07-02;Farmácia;Panvel;Removedor de esmalte c/ acetona;Acetona;Acetona Panvel 100ml;100ml;7,99;5,33;https://www.panvel.com/panvel/acetona-panvel-100ml/p-99208
2026-07-02;Farmácia;Panvel;Removedor de esmalte c/ acetona;Risqué;Removedor De Esmalte Risqué Care 100ml;100ml;13,99;9,99;https://www.panvel.com/panvel/removedor-de-esmalte-risque-care-100ml/p-372790
2026-07-02;Farmácia;Panvel;Removedor de esmalte c/ acetona;Removedor;Removedor De Esmalte Com Óleo De Uva Panvel 90ml;90ml;9,99;6,66;https://www.panvel.com/panvel/removedor-de-esmalte-com-oleo-de-uva-panvel-90ml/p-100615
2026-07-02;Farmácia;Panvel;Removedor de esmalte c/ acetona;Lifar;Acetona Lifar 500ml;500ml;26,99;;https://www.panvel.com/panvel/acetona-lifar-500ml/p-106793
2026-07-02;Farmácia;Panvel;Removedor de esmalte c/ acetona;Lenço;Lenço Removedor De Esmalte Ricca 32un;;12,99;;https://www.panvel.com/panvel/lenco-removedor-de-esmalte-ricca-32un/p-480450
2026-07-02;Farmácia;Panvel;Removedor de esmalte c/ acetona;Removedor;Removedor De Esmalte Pink 75ml;75ml;41,99;;https://www.panvel.com/panvel/removedor-de-esmalte-pink-75ml/p-106911
2026-07-02;Farmácia;Panvel;Removedor de esmalte c/ acetona;Lenço;Lenço Removedor De Esmalte 1 Unidade Imefort;;2,9;;https://www.panvel.com/panvel/lenco-removedor-de-esmalte-1-unidade-imefort/p-10068299
2026-07-02;Farmácia;Panvel;Removedor de esmalte c/ acetona;Farmax;Removedor De Esmalte Farmax Sem Acetona Cheirinho De Uva 500ml;500ml;49,99;;https://www.panvel.com/panvel/removedor-de-esmalte-farmax-sem-acetona-cheirinho-de-uva-500ml/p-88035
2026-07-02;Farmácia;Panvel;Removedor de esmalte c/ acetona;Monaly;Removedor De Esmalte A Base De Acetona Monaly 500ml;500ml;14,99;12,99;https://www.panvel.com/panvel/removedor-de-esmalte-a-base-de-acetona-monaly-500ml/p-10040696
2026-07-02;Farmácia;Panvel;Removedor de esmalte c/ acetona;Farmax;Removedor De Esmalte Farmax Sem Acetona Uva 100ml;100ml;18,99;;https://www.panvel.com/panvel/removedor-de-esmalte-farmax-sem-acetona-uva-100ml/p-88034
2026-07-02;Farmácia;Panvel;Removedor de esmalte c/ acetona;Removedor;Removedor De Esmalte Mavala Nail Polish Com 30 Unidades;;98;73,9;https://www.panvel.com/panvel/removedor-de-esmalte-mavala-nail-polish-com-30-unidades/p-10032609
2026-07-02;Farmácia;Panvel;Removedor de esmalte s/ acetona;Farmax;Removedor De Esmalte Farmax Sem Acetona Cheirinho De Uva 500ml;500ml;49,99;;https://www.panvel.com/panvel/removedor-de-esmalte-farmax-sem-acetona-cheirinho-de-uva-500ml/p-88035
2026-07-02;Farmácia;Panvel;Removedor de esmalte s/ acetona;Farmax;Removedor De Esmalte Farmax Sem Acetona Uva 100ml;100ml;18,99;;https://www.panvel.com/panvel/removedor-de-esmalte-farmax-sem-acetona-uva-100ml/p-88034
2026-07-02;Farmácia;Panvel;Removedor de esmalte s/ acetona;Removedor;Removedor De Esmalte Pink 75ml;75ml;41,99;;https://www.panvel.com/panvel/removedor-de-esmalte-pink-75ml/p-106911
2026-07-02;Farmácia;Panvel;Removedor de esmalte s/ acetona;Lenço;Lenço Removedor De Esmalte 1 Unidade Imefort;;2,9;;https://www.panvel.com/panvel/lenco-removedor-de-esmalte-1-unidade-imefort/p-10068299
2026-07-02;Farmácia;Panvel;Água oxigenada cremosa 40V;Água;Água Oxigenada Cremosa Welloxon Perfect 40 Volumes 1 Litro;;79,99;;https://www.panvel.com/panvel/agua-oxigenada-cremosa-welloxon-perfect-40-volumes-1-litro/p-10040506
2026-07-02;Farmácia;Panvel;Óleo capilar/corporal 100ml;Óleo;Óleo Extraordinário Capilar Elseve Tratamento Reconstrutor L'oréal Paris 100ml;100ml;59,99;40;https://www.panvel.com/panvel/oleo-extraordinario-capilar-elseve-tratamento-reconstrutor-loreal-paris-100ml/p-628280
2026-07-02;Farmácia;Panvel;Óleo capilar/corporal 100ml;Kit;Kit Signature Scent Duo Oleo De Tratamento 100ml + Bruma Perfumada Moroccanoil;100ml;390;284,7;https://www.panvel.com/panvel/kit-signature-scent-duo-oleo-de-tratamento-100ml-bruma-perfumada-moroccanoil/p-10072054
2026-07-02;Farmácia;Panvel;Óleo capilar/corporal 100ml;Moroccanoil;Moroccanoil Bruma De Marrocos 100ml;100ml;259,9;207,92;https://www.panvel.com/panvel/moroccanoil-bruma-de-marrocos-100ml/p-10044630
2026-07-02;Farmácia;Panvel;Óleo capilar/corporal 100ml;Salon Line;Óleo Perfumado Cabelo E Corpo Multy Melancia Salon Line 120ml;120ml;33,99;29,99;https://www.panvel.com/panvel/oleo-perfumado-cabelo-e-corpo-multy-melancia-salon-line-120ml/p-10076721
2026-07-02;Farmácia;Panvel;Óleo capilar/corporal 100ml;Salon Line;Óleo Perfumado Cabelo E Corpo Salon Line Chocolate 120ml;120ml;33,99;29,99;https://www.panvel.com/panvel/oleo-perfumado-cabelo-e-corpo-salon-line-chocolate-120ml/p-10076722
2026-07-02;Farmácia;Panvel;Óleo capilar/corporal 100ml;Óleo;Óleo Vegetal De Semente De Uva Vegano Vitis Vinifera Gabea 100ml;100ml;91;45,59;https://www.panvel.com/panvel/oleo-vegetal-de-semente-de-uva-vegano-vitis-vinifera-gabea-100ml/p-10079541
2026-07-02;Farmácia;Panvel;Óleo capilar/corporal 100ml;Óleo;Óleo De Amêndoa Doce Vegano Gabea 100ml;100ml;52,1;26,1;https://www.panvel.com/panvel/oleo-de-amendoa-doce-vegano-gabea-100ml/p-10079598
2026-07-02;Farmácia;Panvel;Óleo de rícino;Sérum;Sérum Capilar Pantene Bambu 95ml;95ml;49,99;42,9;https://www.panvel.com/panvel/serum-capilar-pantene-bambu-95ml/p-86152
2026-07-02;Farmácia;Panvel;Óleo de rícino;Farmax;Óleo Capilar Farmax Puro Rícino 100ml;100ml;16,99;;https://www.panvel.com/panvel/oleo-capilar-farmax-puro-ricino-100ml/p-10018654
2026-07-02;Farmácia;Panvel;Óleo de rícino;Salon Line;Óleo Umectação Salon Line #Todecacho Rícino 100ml;100ml;21,99;;https://www.panvel.com/panvel/oleo-umectacao-salon-line-todecacho-ricino-100ml/p-10013881
2026-07-02;Farmácia;Panvel;Óleo de rícino;Salon Line;Gelatina Salon Line To De Cachos Óleo De Rícino 550g;550g;37,99;32,99;https://www.panvel.com/panvel/gelatina-salon-line-to-de-cachos-oleo-de-ricino-550g/p-10040909
2026-07-02;Farmácia;Panvel;Óleo de rícino;Óleo;Óleo Vegetal De Rícino Ricinus Communis L Gabea 30ml;30ml;28,5;14,28;https://www.panvel.com/panvel/oleo-vegetal-de-ricino-ricinus-communis-l-gabea-30ml/p-10079576
2026-07-02;Farmácia;Panvel;Óleo de rícino;Salon Line;Kit Gelatina Salon Line To De Cachos Óleo De Rícino 550g 2 Unidades;550g;75,98;65,98;https://www.panvel.com/panvel/kit-gelatina-salon-line-to-de-cachos-oleo-de-ricino-550g-2-unidades/p-10040905
2026-07-02;Farmácia;Panvel;Óleo de rícino;Tônico;Tônico Facial Dermocalmante Com Aloe Vera E Óleo De Rícino 120ml;120ml;43,9;;https://www.panvel.com/panvel/tonico-facial-dermocalmante-com-aloe-vera-e-oleo-de-ricino-120ml/p-10068436
2026-07-02;Farmácia;Panvel;Óleo de rícino;Kit;Kit 2 Óleo Capilar Elixir Rícino Beautycolor 40ml;40ml;53,98;43,98;https://www.panvel.com/panvel/kit-2-oleo-capilar-elixir-ricino-beautycolor-40ml/p-10081222
2026-07-02;Farmácia;Panvel;Óleo de rícino;Kit;Kit Pantene Pro-v Bambu Shampoo 400ml + Condicionador 175ml;400ml;41,99;26,9;https://www.panvel.com/panvel/kit-pantene-pro-v-bambu-shampoo-400ml-condicionador-175ml/p-106822
2026-07-02;Farmácia;Panvel;Óleo de rícino;Máscara;Máscara De Tratamento Pantene Bambu 600ml;600ml;41,99;29,9;https://www.panvel.com/panvel/mascara-de-tratamento-pantene-bambu-600ml/p-112346
2026-07-02;Farmácia;Panvel;Óleo de rícino;Cloridrato;Cloridrato Trazodona 150mg 30 Comprimidos Liberação Prolongada Medley Genérico C1;;135,55;119,99;https://www.panvel.com/panvel/cloridrato-trazodona-150mg-30-comprimidos-liberacao-prolongada-medley-generico-c1/p-93666
2026-07-02;Farmácia;Panvel;Óleo de rícino;Kit;Kit Ampola De Tratamento Capilar Pantene Nutrição 3 Unidades 15ml Cada;15ml;25,99;19,9;https://www.panvel.com/panvel/kit-ampola-de-tratamento-capilar-pantene-nutricao-3-unidades-15ml-cada/p-120229
2026-07-02;Farmácia;Panvel;Óleo de banana (unha/cutícula);Impala;Regenerador De Esmalte Com Óleo Banana Impala 35ml;35ml;7,99;;https://www.panvel.com/panvel/regenerador-de-esmalte-com-oleo-banana-impala-35ml/p-119421
2026-07-02;Farmácia;Panvel;Amolecedor de cutícula;Farmax;Amolecedor De Cutículas Farmax Em Creme 100ml;100ml;15,49;;https://www.panvel.com/panvel/amolecedor-de-cuticulas-farmax-em-creme-100ml/p-92088
2026-07-02;Farmácia;Panvel;Amolecedor de cutícula;Amolecedor;Amolecedor De Cutícula Panvel 140g;140g;19,99;13,33;https://www.panvel.com/panvel/amolecedor-de-cuticula-panvel-140g/p-97770
2026-07-02;Farmácia;Panvel;Amolecedor de cutícula;Lifar;Amolecedor De Cutícula Lifar 140g;140g;19,99;14,99;https://www.panvel.com/panvel/amolecedor-de-cuticula-lifar-140g/p-849970
2026-07-02;Farmácia;Panvel;Amolecedor de cutícula;Amolecedor;Amolecedor De Cutículas Neez Creme 100g;100g;11,99;9,49;https://www.panvel.com/panvel/amolecedor-de-cuticulas-neez-creme-100g/p-89413
2026-07-02;Farmácia;Panvel;Amolecedor de cutícula;Amolecedor;Amolecedor De Cutículas Neez Líquido 110ml;110ml;8,49;6,99;https://www.panvel.com/panvel/amolecedor-de-cuticulas-neez-liquido-110ml/p-89412
2026-07-02;Farmácia;Panvel;Amolecedor de cutícula;Caneta;Caneta Para Nutrição De Cutículas Ricca 2ml;2ml;21,99;;https://www.panvel.com/panvel/caneta-para-nutricao-de-cuticulas-ricca-2ml/p-94630
2026-07-02;Farmácia;Panvel;Amolecedor de cutícula;Granado;Caneta Para Cutículas Sos Cuticulas Perfeitas Granado Pink 3,5g;3,5g;45,99;;https://www.panvel.com/panvel/caneta-para-cuticulas-sos-cuticulas-perfeitas-granado-pink-35g/p-417490
2026-07-02;Farmácia;Panvel;Amolecedor de cutícula;Creme;Creme Para Cuticula Pink;;30,99;;https://www.panvel.com/panvel/creme-para-cuticula-pink/p-579730
2026-07-02;Farmácia;Panvel;Amolecedor de cutícula;Creme;Creme Para Cutículas E Unhas Blant Nutritivo 7g;7g;22,99;;https://www.panvel.com/panvel/creme-para-cuticulas-e-unhas-blant-nutritivo-7g/p-10018334
2026-07-02;Farmácia;Panvel;Amolecedor de cutícula;Removedor;Removedor De Cutículas Repos 500g;500g;39,99;;https://www.panvel.com/panvel/removedor-de-cuticulas-repos-500g/p-10016405
2026-07-02;Farmácia;Panvel;Amolecedor de cutícula;Removedor;Removedor De Cutículas Blant 35ml;35ml;18,99;;https://www.panvel.com/panvel/removedor-de-cuticulas-blant-35ml/p-10016637
2026-07-02;Farmácia;Panvel;Amolecedor de cutícula;Mavala;Mavala Cuticle Remover 10ml;10ml;133,99;;https://www.panvel.com/panvel/mavala-cuticle-remover-10ml/p-112795
2026-07-02;Farmácia;Panvel;Pedra hume pó;Pedra;Pedra Pomes Panvel;;3,99;2,66;https://www.panvel.com/panvel/pedra-pomes-panvel/p-111793
2026-07-02;Farmácia;Panvel;Pedra hume pó;Água;Água Mineral Com Gás Água Da Pedra 500ml;500ml;2,49;;https://www.panvel.com/panvel/agua-mineral-com-gas-agua-da-pedra-500ml/p-687020
2026-07-02;Farmácia;Panvel;Pedra hume pó;Água;Água Mineral Sem Gás Água Da Pedra 500ml;500ml;2,49;;https://www.panvel.com/panvel/agua-mineral-sem-gas-agua-da-pedra-500ml/p-687040
2026-07-02;Farmácia;Panvel;Pedra hume pó;Água;Água Saborizada Água Da Pedra Blueberry E Limão Siciliano 350ml;350ml;4,99;2;https://www.panvel.com/panvel/agua-saborizada-agua-da-pedra-blueberry-e-limao-siciliano-350ml/p-89199
2026-07-02;Farmácia;Panvel;Pedra hume pó;Água;Água Saborizada Água Da Pedra Pêssego 350ml;350ml;4,99;2;https://www.panvel.com/panvel/agua-saborizada-agua-da-pedra-pessego-350ml/p-89200
2026-07-02;Farmácia;Panvel;Pedra hume pó;Água;Água Saborizada Água Da Pedra Abacaxi Com Hortelã 350ml;350ml;4,99;2;https://www.panvel.com/panvel/agua-saborizada-agua-da-pedra-abacaxi-com-hortela-350ml/p-90223
2026-07-02;Farmácia;Panvel;Pedra hume pó;Lixa;Lixa Para Pés Pedra Pomes Panvel Acessórios;;11,99;8;https://www.panvel.com/panvel/lixa-para-pes-pedra-pomes-panvel-acessorios/p-88412
2026-07-02;Farmácia;Panvel;Pedra hume pó;Base;Base Endurecedora Fortilon Unhas De Pedra 7ml;7ml;19,99;;https://www.panvel.com/panvel/base-endurecedora-fortilon-unhas-de-pedra-7ml/p-91186
2026-07-02;Farmácia;Panvel;Pedra hume pó;Granado;Esfoliante Para Pés Pedra Pomes Granado Pink 80g;80g;35,99;;https://www.panvel.com/panvel/esfoliante-para-pes-pedra-pomes-granado-pink-80g/p-994190
2026-07-02;Farmácia;Panvel;Pedra hume pó;Lixa;Lixa Pés Panvel Acessórios Pedra Pomes Nude;;11,49;7,66;https://www.panvel.com/panvel/lixa-pes-panvel-acessorios-pedra-pomes-nude/p-880060
2026-07-02;Farmácia;Panvel;Pedra hume pó;Desodorante;Desodorante Twiststickem Pedra Alvacitrus 55g;55g;77,99;;https://www.panvel.com/panvel/desodorante-twiststickem-pedra-alvacitrus-55g/p-97282
2026-07-02;Farmácia;Panvel;Pedra hume pó;Removedor;Removedor De Oleosidade Facial Ricca Super Pedra Vulcânica 45g;45g;39,99;29,99;https://www.panvel.com/panvel/removedor-de-oleosidade-facial-ricca-super-pedra-vulcanica-45g/p-100342
2026-07-02;Farmácia;Panvel;Pedra hume spray;Pant;Pant Sec Minoxidil 50mg/ml Solucao Capilar Spray 3 Frascos 50 Ml;50ml;109,13;100,83;https://www.panvel.com/panvel/pant-sec-minoxidil-50mg-ml-solucao-capilar-spray-3-frascos-50-ml/p-105132
2026-07-02;Farmácia;Panvel;Pedra hume spray;Spray;Spray Desodorante Corporal Panvel Cherry Velvet 200ml - Dia Das Mães;200ml;39,99;31,99;https://www.panvel.com/panvel/spray-desodorante-corporal-panvel-cherry-velvet-200ml-dia-das-maes/p-86919
2026-07-02;Farmácia;Panvel;Pedra hume spray;Pant;Pant Sec Minoxidil 50mg/ml Solucao Capilar Spray 50ml;50ml;78,05;71,81;https://www.panvel.com/panvel/pant-sec-minoxidil-50mg-ml-solucao-capilar-spray-50ml/p-105133
2026-07-02;Farmácia;Panvel;Pedra hume spray;Óleo;Óleo Sérum Corporal Em Spray Dove Firmador 150ml;150ml;59,99;49,9;https://www.panvel.com/panvel/oleo-serum-corporal-em-spray-dove-firmador-150ml/p-88134
2026-07-02;Farmácia;Panvel;Pedra hume spray;Óleo;Óleo Sérum Corporal Em Spray Dove Hidratante 150ml;150ml;59,99;49,9;https://www.panvel.com/panvel/oleo-serum-corporal-em-spray-dove-hidratante-150ml/p-88133
2026-07-02;Farmácia;Panvel;Pedra hume spray;Óleo;Óleo Sérum Em Spray Corporal Dove Tom Uniforme 150ml;150ml;59,99;49,9;https://www.panvel.com/panvel/oleo-serum-em-spray-corporal-dove-tom-uniforme-150ml/p-88135
2026-07-02;Farmácia;Panvel;Pedra hume spray;Pant;Pant Sec Minoxidil 50mg/ml Solucao Capilar Spray 2 Frascos 50 Ml;50ml;122,68;;https://www.panvel.com/panvel/pant-sec-minoxidil-50mg-ml-solucao-capilar-spray-2-frascos-50-ml/p-105134
2026-07-02;Farmácia;Panvel;Pedra hume spray;Pedra;Pedra Pomes Panvel;;3,99;2,66;https://www.panvel.com/panvel/pedra-pomes-panvel/p-111793
2026-07-02;Farmácia;Panvel;Pedra hume spray;Água;Água Mineral Com Gás Água Da Pedra 500ml;500ml;2,49;;https://www.panvel.com/panvel/agua-mineral-com-gas-agua-da-pedra-500ml/p-687020
2026-07-02;Farmácia;Panvel;Pedra hume spray;Água;Água Mineral Sem Gás Água Da Pedra 500ml;500ml;2,49;;https://www.panvel.com/panvel/agua-mineral-sem-gas-agua-da-pedra-500ml/p-687040
2026-07-02;Farmácia;Panvel;Pedra hume spray;Água;Água Saborizada Água Da Pedra Blueberry E Limão Siciliano 350ml;350ml;4,99;2;https://www.panvel.com/panvel/agua-saborizada-agua-da-pedra-blueberry-e-limao-siciliano-350ml/p-89199
2026-07-02;Farmácia;Panvel;Pedra hume spray;Água;Água Saborizada Água Da Pedra Pêssego 350ml;350ml;4,99;2;https://www.panvel.com/panvel/agua-saborizada-agua-da-pedra-pessego-350ml/p-89200
2026-07-02;Farmácia;Panvel;Talco desodorante p/ pés;Tenys Pé;Talco Para Pés Em Pó Tenys Pé Original 100g;100g;16,99;11,99;https://www.panvel.com/panvel/talco-para-pes-em-po-tenys-pe-original-100g/p-20931
2026-07-02;Farmácia;Panvel;Talco desodorante p/ pés;Tenys Pé;Talco Para Pés Em Pó Tenys Pé Canforado 100g;100g;16,99;11,99;https://www.panvel.com/panvel/talco-para-pes-em-po-tenys-pe-canforado-100g/p-368601
2026-07-02;Farmácia;Panvel;Talco desodorante p/ pés;Tenys Pé;Talco Para Pés Em Pó Tenys Pé Woman 100g;100g;16,99;11,99;https://www.panvel.com/panvel/talco-para-pes-em-po-tenys-pe-woman-100g/p-628470
2026-07-02;Farmácia;Panvel;Talco desodorante p/ pés;Talco;Talco Para Pés Panvel Mentolado 100g;100g;12,99;;https://www.panvel.com/panvel/talco-para-pes-panvel-mentolado-100g/p-103041
2026-07-02;Farmácia;Panvel;Talco desodorante p/ pés;Talco;Talco Para Pés Panvel Canforado 100g;100g;12,99;;https://www.panvel.com/panvel/talco-para-pes-panvel-canforado-100g/p-103042
2026-07-02;Farmácia;Panvel;Talco desodorante p/ pés;Tenys Pé;Kit Tenys Pé Talco Para Pés Em Pó Original 100g + Woman 100g;100g;22,99;;https://www.panvel.com/panvel/kit-tenys-pe-talco-para-pes-em-po-original-100g-woman-100g/p-110843
2026-07-02;Farmácia;Panvel;Talco desodorante p/ pés;Talco;Talco Para Pes Po Pelotense 150g;150g;24,99;;https://www.panvel.com/panvel/talco-para-pes-po-pelotense-150g/p-106458
2026-07-02;Farmácia;Panvel;Talco desodorante p/ pés;Tenys Pé;Talco Para Pés Em Pó Tenys Pé Podpah 100g;100g;16,99;10,19;https://www.panvel.com/panvel/talco-para-pes-em-po-tenys-pe-podpah-100g/p-93372
2026-07-02;Farmácia;Panvel;Talco desodorante p/ pés;Tenys Pé;Talco Para Pés Em Pó Tenys Pé Sabrina Sato 100g;100g;16,99;11,99;https://www.panvel.com/panvel/talco-para-pes-em-po-tenys-pe-sabrina-sato-100g/p-89021
2026-07-02;Farmácia;Panvel;Talco desodorante p/ pés;Talco;Talco Para Pes Po Pelotense 100g;100g;19,49;;https://www.panvel.com/panvel/talco-para-pes-po-pelotense-100g/p-106457
2026-07-02;Farmácia;Panvel;Talco desodorante p/ pés;Tenys Pé;Talco Para Pés Pó Tenys Pé Sem Perfume 100g;100g;14,99;11,99;https://www.panvel.com/panvel/talco-para-pes-po-tenys-pe-sem-perfume-100g/p-85398
2026-07-02;Farmácia;Panvel;Talco desodorante p/ pés;Talco;Talco Corporal Panvel Leite Cabra 100g;100g;17,99;15,74;https://www.panvel.com/panvel/talco-corporal-panvel-leite-cabra-100g/p-99998
2026-07-02;Farmácia;Panvel;Glicerina bidestilada;Suplemento;Suplemento Líquido Com Cálcio E Vitaminas 240ml;240ml;54,9;;https://www.panvel.com/panvel/suplemento-liquido-com-calcio-e-vitaminas-240ml/p-10068520
2026-07-02;Farmácia;Panvel;Vaselina líquida;Farmax;Vaselina Líquida Farmax 100ml;100ml;10,99;;https://www.panvel.com/panvel/vaselina-liquida-farmax-100ml/p-90790
2026-07-02;Farmácia;Panvel;Vaselina líquida;Lifar;Vaselina Liquida Lifar 100ml;100ml;16,99;;https://www.panvel.com/panvel/vaselina-liquida-lifar-100ml/p-111915
2026-07-02;Farmácia;Panvel;Vaselina líquida;Vaselina;Vaselina Líquida Cinord 1 Litro;;90,87;75,42;https://www.panvel.com/panvel/vaselina-liquida-cinord-1-litro/p-10025617
2026-07-02;Farmácia;Panvel;Vaselina líquida;Dbriz;Dbriz Uno 10g Pomada Dermatológica;10g;24,78;;https://www.panvel.com/panvel/dbriz-uno-10g-pomada-dermatologica/p-92186
2026-07-02;Farmácia;Panvel;Vaselina sólida;Vaselina;Vaselina Sólida 500g Cinord - Unidade;500g;64,87;53,84;https://www.panvel.com/panvel/vaselina-solida-500g-cinord-unidade/p-10025793
2026-07-02;Farmácia;Panvel;Vaselina sólida;Dbriz;Dbriz Uno 10g Pomada Dermatológica;10g;24,78;;https://www.panvel.com/panvel/dbriz-uno-10g-pomada-dermatologica/p-92186
2026-07-02;Farmácia;Panvel;Sabonete íntimo;Nivea;Kit Banho Premium Nivea Sabonete Líquido E Óleo De Banho 200ml + Sabonete Íntimo 250ml + E;200ml;117,97;85,88;https://www.panvel.com/panvel/kit-banho-premium-nivea-sabonete-liquido-e-oleo-de-banho-200ml-sabonete-intimo-250ml-esfoliante-corporal-para-banho-200ml/p-800072686001
2026-07-02;Farmácia;Panvel;Sabonete íntimo;Nivea;Sabonete Líquido Íntimo Nivea Suave 250ml;250ml;25,99;21,9;https://www.panvel.com/panvel/sabonete-liquido-intimo-nivea-suave-250ml/p-960440
2026-07-02;Farmácia;Panvel;Sabonete íntimo;Nivea;Sabonete Líquido Nivea Íntimo Natural 250ml;250ml;25,99;21,9;https://www.panvel.com/panvel/sabonete-liquido-nivea-intimo-natural-250ml/p-960980
2026-07-02;Farmácia;Panvel;Sabonete íntimo;Kit;Kit Sabonete Íntimo Panvel Essencial Delicada 200ml Com Duas Unidades;200ml;22,99;19,99;https://www.panvel.com/panvel/kit-sabonete-intimo-panvel-essencial-delicada-200ml-com-duas-unidades/p-116118
2026-07-02;Farmácia;Panvel;Sabonete íntimo;Kit;Kit Sabonete Líquido Intimo Dermafeme Floral 200ml Com 2 Unidades;200ml;21,99;;https://www.panvel.com/panvel/kit-sabonete-liquido-intimo-dermafeme-floral-200ml-com-2-unidades/p-699880
2026-07-02;Farmácia;Panvel;Sabonete íntimo;Kit;Kit Sabonete Líquido Intimo Dermafeme Fresh 200ml Com 2 Unidades;200ml;21,99;;https://www.panvel.com/panvel/kit-sabonete-liquido-intimo-dermafeme-fresh-200ml-com-2-unidades/p-116669
2026-07-02;Farmácia;Panvel;Sabonete íntimo;Sabonete;Sabonete Líquido Íntimo Gino Canesten Triplo Cuidado 200ml;200ml;29,99;25,42;https://www.panvel.com/panvel/sabonete-liquido-intimo-gino-canesten-triplo-cuidado-200ml/p-90374
2026-07-02;Farmácia;Panvel;Sabonete íntimo;Nivea;Sabonete Liquido Intimo Nivea Suave 250ml Com 2 Unidades;250ml;44,49;;https://www.panvel.com/panvel/sabonete-liquido-intimo-nivea-suave-250ml-com-2-unidades/p-104084
2026-07-02;Farmácia;Panvel;Sabonete íntimo;Sabonete;Sabonete Líquido Íntimo Gino Canesten Puro Cuidado 200ml;200ml;29,99;;https://www.panvel.com/panvel/sabonete-liquido-intimo-gino-canesten-puro-cuidado-200ml/p-90375
2026-07-02;Farmácia;Panvel;Sabonete íntimo;Dermacyd;Sabonete Íntimo Dermacyd Neutralize 200ml Portinari;200ml;34,99;;https://www.panvel.com/panvel/sabonete-intimo-dermacyd-neutralize-200ml-portinari/p-670500
2026-07-02;Farmácia;Panvel;Sabonete íntimo;Sabonete;Sabonete Íntimo Delicada Panvel 50ml;50ml;7,99;;https://www.panvel.com/panvel/sabonete-intimo-delicada-panvel-50ml/p-92729
2026-07-02;Farmácia;Panvel;Sabonete íntimo;Sabonete;Sabonete Íntimo Panvel Essencial Delicada 200ml;200ml;18,99;;https://www.panvel.com/panvel/sabonete-intimo-panvel-essencial-delicada-200ml/p-116116
2026-07-02;Farmácia;Panvel;Água micelar;Água;Água Micelar Demaquilante Neutrogena Purified Skin 200ml;200ml;54,99;;https://www.panvel.com/panvel/agua-micelar-demaquilante-neutrogena-purified-skin-200ml/p-120554
2026-07-02;Farmácia;Panvel;Água micelar;Nivea;Água Micelar Bifásica Nivea Regeneradora 200ml;200ml;35,99;30,9;https://www.panvel.com/panvel/agua-micelar-bifasica-nivea-regeneradora-200ml/p-85824
2026-07-02;Farmácia;Panvel;Água micelar;Água;Água Micelar Neutrogena Hydro Boost Bifásica 200ml;200ml;52,99;48,9;https://www.panvel.com/panvel/agua-micelar-neutrogena-hydro-boost-bifasica-200ml/p-10019849
2026-07-02;Farmácia;Panvel;Água micelar;Água;Água Micelar Neutrogena Hydro Boost 200ml;200ml;56,99;;https://www.panvel.com/panvel/agua-micelar-neutrogena-hydro-boost-200ml/p-112227
2026-07-02;Farmácia;Panvel;Água micelar;Kit;Kit Panvel Faces Demaquilante Bifásico 100ml + Água Micelar 200ml + Discos De Algodão 100;100ml;74,97;59,99;https://www.panvel.com/panvel/kit-panvel-faces-demaquilante-bifasico-100ml-agua-micelar-200ml-discos-de-algodao-100-unidades/p-800074010001
2026-07-02;Farmácia;Panvel;Água micelar;Água;Água Micelar L'oréal Paris 5 Em 1 200ml;200ml;29,99;;https://www.panvel.com/panvel/agua-micelar-loreal-paris-5-em-1-200ml/p-436750
2026-07-02;Farmácia;Panvel;Água micelar;Kit;Kit Neutrogena Hydro Boost Water Gel 50g + Protetor Solar Facial Fps 50 40ml + Gel Limpeza;50g;388,95;326,95;https://www.panvel.com/panvel/kit-neutrogena-hydro-boost-water-gel-50g-protetor-solar-facial-fps-50-40ml-gel-limpeza-facial-300ml-agua-micelar-bifasica-200ml-hidratante-corporal-400ml/p-800073662001
2026-07-02;Farmácia;Panvel;Água micelar;Kit;Kit Neutrogena Sérum Facial Hidratante Hydro Boost 30ml + Água Micelar Hydro Boost 200ml +;30ml;374,96;323,71;https://www.panvel.com/panvel/kit-neutrogena-serum-facial-hidratante-hydro-boost-30ml-agua-micelar-hydro-boost-200ml-hidratante-facial-hydro-boost-water-gel-fps-25-40g-hidratante-facial-hydro-boost-water-gel-50g/p-800073660001
2026-07-02;Farmácia;Panvel;Água micelar;Nivea;Água Micelar Nivea Solução De Limpeza 7 Em 1 200ml;200ml;31,49;23,99;https://www.panvel.com/panvel/agua-micelar-nivea-solucao-de-limpeza-7-em-1-200ml/p-832350
2026-07-02;Farmácia;Panvel;Água micelar;Nivea;Água Micelar Nivea Efeito Matte 200ml;200ml;31,49;23,99;https://www.panvel.com/panvel/agua-micelar-nivea-efeito-matte-200ml/p-115533
2026-07-02;Farmácia;Panvel;Água micelar;Água;Água Micelar Bioderma Sensibio H2o Dermatológica Calmante Para Peles Normais A Sensíveis 1;;69,99;;https://www.panvel.com/panvel/agua-micelar-bioderma-sensibio-h2o-dermatologica-calmante-para-peles-normais-a-sensiveis-100ml/p-161260
2026-07-02;Farmácia;Panvel;Água micelar;Água;Água Micelar Panvel Faces Todos Os Tipos De Pele 200ml;200ml;29,99;20;https://www.panvel.com/panvel/agua-micelar-panvel-faces-todos-os-tipos-de-pele-200ml/p-104325
2026-07-02;Farmácia;Panvel;Repelente;Repelente;Repelente Aerossol Vivaz Out 150ml;150ml;25,99;17,99;https://www.panvel.com/panvel/repelente-aerossol-vivaz-out-150ml/p-860150
2026-07-02;Farmácia;Panvel;Repelente;Repelente;Repelente Vivaz Out Loção 100g;100g;22,99;17,99;https://www.panvel.com/panvel/repelente-vivaz-out-locao-100g/p-488640
2026-07-02;Farmácia;Panvel;Repelente;Repelente;Repelente Vivaz Out Baby Loção 100g;100g;37,99;25,99;https://www.panvel.com/panvel/repelente-vivaz-out-baby-locao-100g/p-488650
2026-07-02;Farmácia;Panvel;Repelente;Off;Repelente Off Spray Family 170ml;170ml;29,99;;https://www.panvel.com/panvel/repelente-off-spray-family-170ml/p-96344
2026-07-02;Farmácia;Panvel;Repelente;Off;Repelente Off Kids Loção Leve 200ml Pague 117ml;200ml;30,99;;https://www.panvel.com/panvel/repelente-off-kids-locao-leve-200ml-pague-117ml/p-701240
2026-07-02;Farmácia;Panvel;Repelente;Repelex;Repelex Repelente Family Care Spray 100ml 20% De Desconto;100ml;19,49;;https://www.panvel.com/panvel/repelex-repelente-family-care-spray-100ml-20-de-desconto/p-867450
2026-07-02;Farmácia;Panvel;Repelente;Off;Repelente Loção Off Family 200ml Oferta Especial;200ml;29,99;;https://www.panvel.com/panvel/repelente-locao-off-family-200ml-oferta-especial/p-97130
2026-07-02;Farmácia;Panvel;Repelente;Off;Repelente Off Baby Loção 117ml;117ml;36,99;;https://www.panvel.com/panvel/repelente-off-baby-locao-117ml/p-114522
2026-07-02;Farmácia;Panvel;Repelente;Exposis;Repelente Exposis Infantil Spray 100ml;100ml;83,99;;https://www.panvel.com/panvel/repelente-exposis-infantil-spray-100ml/p-152710
2026-07-02;Farmácia;Panvel;Repelente;Repelente;Repelente Elétrico Líquido Raid Family 45 Noites Aparelho 32.9ml;329ml;27,99;;https://www.panvel.com/panvel/repelente-eletrico-liquido-raid-family-45-noites-aparelho-329ml/p-105174
2026-07-02;Farmácia;Panvel;Repelente;Exposis;Repelente Exposis Extreme Spray 100ml;100ml;83,99;;https://www.panvel.com/panvel/repelente-exposis-extreme-spray-100ml/p-152700
2026-07-02;Farmácia;Panvel;Repelente;Off;Repelente Off Family Aerosol 165ml/127g;165ml;38,99;;https://www.panvel.com/panvel/repelente-off-family-aerosol-165ml-127g/p-949690
2026-07-02;Farmácia;Panvel;Sebo de carneiro;Pomada;Pomada Canela De Velho 150 Gr;;15,49;12,99;https://www.panvel.com/panvel/pomada-canela-de-velho-150-gr/p-99788
2026-07-02;Supermercado;Carrefour;Removedor de esmalte c/ acetona;Farmax;Removedor Esmalte Farmax Sem Acetona Uva 100ml;100ml;229,38;4,49;https://www.carrefour.com.br/produto/removedor-esmalte-farmax-sem-acetona-uva-100ml-318735497
2026-07-02;Supermercado;Carrefour;Removedor de esmalte c/ acetona;Removedor;Removedor De Esmalte Fortti Sem Acetona 100 Ml;100ml;229,38;4,49;https://www.carrefour.com.br/produto/removedor-de-esmalte-fortti-sem-acetona-100-ml-326088882
2026-07-02;Supermercado;Carrefour;Removedor de esmalte c/ acetona;Avante;Removedor De Esmalte Avante A Base De Acetona 200ml;200ml;229,38;4,49;https://www.carrefour.com.br/produto/removedor-de-esmalte-avante-a-base-de-acetona-200ml-322835582
2026-07-02;Supermercado;Carrefour;Removedor de esmalte c/ acetona;Removedor;Removedor De Esmalte Mavala Extra Suave 100 Ml Sem Acetona;100ml;229,38;4,49;https://www.carrefour.com.br/produto/removedor-de-esmalte-mavala-extra-suave-100-ml-sem-acetona-340165216
2026-07-02;Supermercado;Carrefour;Removedor de esmalte c/ acetona;Removedor;Removedor De Esmalte Supernail Acetona Pura 118 Ml;118ml;229,38;4,49;https://www.carrefour.com.br/produto/removedor-de-esmalte-supernail-acetona-pura-118-ml-340129688
2026-07-02;Supermercado;Carrefour;Removedor de esmalte c/ acetona;Removedor;Removedor De Esmalte Mineral Fusion Sem Acetona 180 Ml;180ml;229,38;4,49;https://www.carrefour.com.br/produto/removedor-de-esmalte-mineral-fusion-sem-acetona-180-ml-335121235
2026-07-02;Supermercado;Carrefour;Removedor de esmalte c/ acetona;Removedor;Removedor De Esmalte Gentle Touch Sem Acetona 240 Ml C Care;240ml;229,38;4,49;https://www.carrefour.com.br/produto/removedor-de-esmalte-gentle-touch-sem-acetona-240-ml-c-care-334492427
2026-07-02;Supermercado;Carrefour;Removedor de esmalte c/ acetona;Removedor;Removedor De Esmalte C Care 100% Acetona Pura 240 Ml;240ml;229,38;4,49;https://www.carrefour.com.br/produto/removedor-de-esmalte-c-care-100-acetona-pura-240-ml-334484719
2026-07-02;Supermercado;Carrefour;Removedor de esmalte c/ acetona;Farmax;Removedor De Esmalte Farmax Com Acetona 100ml - Embalagem Com 12 Unidades;100ml;229,38;4,49;https://www.carrefour.com.br/produto/removedor-de-esmalte-farmax-com-acetona-100ml-embalagem-com-12-unidades-330225477
2026-07-02;Supermercado;Carrefour;Removedor de esmalte c/ acetona;Farmax;Removedor De Esmalte Farmax Sem Acetona 100ml - Embalagem Com 12 Unidades;100ml;229,38;4,49;https://www.carrefour.com.br/produto/removedor-de-esmalte-farmax-sem-acetona-100ml-embalagem-com-12-unidades-328199380
2026-07-02;Supermercado;Carrefour;Removedor de esmalte c/ acetona;Removedor;Removedor De Esmalte De Acetona 100% Puro;;229,38;4,49;https://www.carrefour.com.br/produto/removedor-de-esmalte-de-acetona-100-puro-328134071
2026-07-02;Supermercado;Carrefour;Removedor de esmalte c/ acetona;Farmax;Removedor De Esmalte Farmax Sem Acetona Argan 100ml - Embalagem Com 12 Unidades;100ml;229,38;4,49;https://www.carrefour.com.br/produto/removedor-de-esmalte-farmax-sem-acetona-argan-100ml-embalagem-com-12-unidades-327379556
2026-07-02;Supermercado;Carrefour;Removedor de esmalte s/ acetona;Farmax;Removedor Esmalte Farmax Sem Acetona Uva 100ml;100ml;229,38;4,49;https://www.carrefour.com.br/produto/removedor-esmalte-farmax-sem-acetona-uva-100ml-318735497
2026-07-02;Supermercado;Carrefour;Removedor de esmalte s/ acetona;Removedor;Removedor De Esmalte Fortti Sem Acetona 100 Ml;100ml;229,38;4,49;https://www.carrefour.com.br/produto/removedor-de-esmalte-fortti-sem-acetona-100-ml-326088882
2026-07-02;Supermercado;Carrefour;Removedor de esmalte s/ acetona;Avante;Removedor De Esmalte Avante A Base De Acetona 200ml;200ml;229,38;4,49;https://www.carrefour.com.br/produto/removedor-de-esmalte-avante-a-base-de-acetona-200ml-322835582
2026-07-02;Supermercado;Carrefour;Removedor de esmalte s/ acetona;Removedor;Removedor De Esmalte Mavala Extra Suave 100 Ml Sem Acetona;100ml;229,38;4,49;https://www.carrefour.com.br/produto/removedor-de-esmalte-mavala-extra-suave-100-ml-sem-acetona-340165216
2026-07-02;Supermercado;Carrefour;Removedor de esmalte s/ acetona;Removedor;Removedor De Esmalte Supernail Acetona Pura 118 Ml;118ml;229,38;4,49;https://www.carrefour.com.br/produto/removedor-de-esmalte-supernail-acetona-pura-118-ml-340129688
2026-07-02;Supermercado;Carrefour;Removedor de esmalte s/ acetona;Removedor;Removedor De Esmalte Mineral Fusion Sem Acetona 180 Ml;180ml;229,38;4,49;https://www.carrefour.com.br/produto/removedor-de-esmalte-mineral-fusion-sem-acetona-180-ml-335121235
2026-07-02;Supermercado;Carrefour;Removedor de esmalte s/ acetona;Removedor;Removedor De Esmalte Gentle Touch Sem Acetona 240 Ml C Care;240ml;229,38;4,49;https://www.carrefour.com.br/produto/removedor-de-esmalte-gentle-touch-sem-acetona-240-ml-c-care-334492427
2026-07-02;Supermercado;Carrefour;Removedor de esmalte s/ acetona;Removedor;Removedor De Esmalte C Care 100% Acetona Pura 240 Ml;240ml;229,38;4,49;https://www.carrefour.com.br/produto/removedor-de-esmalte-c-care-100-acetona-pura-240-ml-334484719
2026-07-02;Supermercado;Carrefour;Removedor de esmalte s/ acetona;Farmax;Removedor De Esmalte Farmax Com Acetona 100ml - Embalagem Com 12 Unidades;100ml;229,38;4,49;https://www.carrefour.com.br/produto/removedor-de-esmalte-farmax-com-acetona-100ml-embalagem-com-12-unidades-330225477
2026-07-02;Supermercado;Carrefour;Removedor de esmalte s/ acetona;Farmax;Removedor De Esmalte Farmax Sem Acetona 100ml - Embalagem Com 12 Unidades;100ml;229,38;4,49;https://www.carrefour.com.br/produto/removedor-de-esmalte-farmax-sem-acetona-100ml-embalagem-com-12-unidades-328199380
2026-07-02;Supermercado;Carrefour;Removedor de esmalte s/ acetona;Removedor;Removedor De Esmalte De Acetona 100% Puro;;229,38;4,49;https://www.carrefour.com.br/produto/removedor-de-esmalte-de-acetona-100-puro-328134071
2026-07-02;Supermercado;Carrefour;Removedor de esmalte s/ acetona;Farmax;Removedor De Esmalte Farmax Sem Acetona Argan 100ml - Embalagem Com 12 Unidades;100ml;229,38;4,49;https://www.carrefour.com.br/produto/removedor-de-esmalte-farmax-sem-acetona-argan-100ml-embalagem-com-12-unidades-327379556
2026-07-02;Supermercado;Carrefour;Água oxigenada cremosa 40V;purificador;purificador agua consul;;74,9;2,49;https://www.carrefour.com.br/busca/purificador%20agua%20consul
2026-07-02;Supermercado;Carrefour;Água oxigenada cremosa 40V;pneu;pneu 195 40 17;;74,9;2,49;https://www.carrefour.com.br/busca/pneu%20195%2040%2017
2026-07-02;Supermercado;Carrefour;Água oxigenada cremosa 40V;Prohall;Prohall Cosmetic - Água Oxigenada Cremosa OX 12% 40 Volumes 900ml;900ml;74,9;2,49;https://www.carrefour.com.br/produto/prohall-cosmetic-agua-oxigenada-cremosa-ox-12-40-volumes-900ml-8538571
2026-07-02;Supermercado;Carrefour;Água oxigenada cremosa 40V;Água;Água Oxigenada Estabilizada Cremosa Yellow 40 Volumes 90ml;90ml;74,9;2,49;https://www.carrefour.com.br/produto/agua-oxigenada-estabilizada-cremosa-yellow-40-volumes-90ml-338172814
2026-07-02;Supermercado;Carrefour;Água oxigenada cremosa 40V;Prohall;Prohall - Água Oxigenada Cremosa Ox 12% 40 Volumes 900ml;900ml;74,9;2,49;https://www.carrefour.com.br/produto/prohall-agua-oxigenada-cremosa-ox-12-40-volumes-900ml-339654320
2026-07-02;Supermercado;Carrefour;Água oxigenada cremosa 40V;Água;Água Oxigenada Estabilizada Cremosa Yellow 40 Volumes 1l;1l;74,9;2,49;https://www.carrefour.com.br/produto/agua-oxigenada-estabilizada-cremosa-yellow-40-volumes-1l-338162217
2026-07-02;Supermercado;Carrefour;Água oxigenada cremosa 40V;Farmax;Água Oxigenada Farmax Cremosa 40 Volumes 90ml Embalagem C/ 12 Unidades;90ml;74,9;2,49;https://www.carrefour.com.br/produto/agua-oxigenada-farmax-cremosa-40-volumes-90ml-embalagem-c-12-unidades-327379539
2026-07-02;Supermercado;Carrefour;Água oxigenada cremosa 40V;Yamá;Água Oxigenada Cremosa 40 Volumes 100ml 12 Unidades - Yamá;100ml;74,9;2,49;https://www.carrefour.com.br/produto/agua-oxigenada-cremosa-40-volumes-100ml-12-unidades-yama-322549333
2026-07-02;Supermercado;Carrefour;Água oxigenada cremosa 40V;Água;Água Oxigenada Márcia Cremosa Estabilizada 40 Volumes 70ml;70ml;74,9;2,49;https://www.carrefour.com.br/produto/agua-oxigenada-marcia-cremosa-estabilizada-40-volumes-70ml-332672215
2026-07-02;Supermercado;Carrefour;Água oxigenada cremosa 40V;Bio Extratus;Kit 2 Água Oxigenada Bio Extratus Color 40 Volumes Cremosa 90ml;90ml;74,9;2,49;https://www.carrefour.com.br/produto/kit-2-agua-oxigenada-bio-extratus-color-40-volumes-cremosa-90ml-327736204
2026-07-02;Supermercado;Carrefour;Água oxigenada cremosa 40V;Farmax;Água Oxigenada Cremosa 1 Unidade 70ml Volume 40 Farmax;70ml;74,9;2,49;https://www.carrefour.com.br/produto/agua-oxigenada-cremosa-1-unidade-70ml-volume-40-farmax-333681345
2026-07-02;Supermercado;Carrefour;Água oxigenada cremosa 40V;Avante;Kit 8 Água Oxigenada Cremosa Avante 40 Volumes 90ml;90ml;74,9;2,49;https://www.carrefour.com.br/produto/kit-8-agua-oxigenada-cremosa-avante-40-volumes-90ml-333257188
2026-07-02;Supermercado;Carrefour;Óleo capilar/corporal 100ml;Farmax;Óleo Farmax Capilar E Corporal Lavanda 100ml;100ml;252,39;7,19;https://www.carrefour.com.br/produto/oleo-farmax-capilar-e-corporal-lavanda-100ml-328422402
2026-07-02;Supermercado;Carrefour;Óleo capilar/corporal 100ml;Farmax;Óleo Capilar E Corporal Farmax Coco 100ml;100ml;252,39;7,19;https://www.carrefour.com.br/produto/oleo-capilar-e-corporal-farmax-coco-100ml-1350376
2026-07-02;Supermercado;Carrefour;Óleo capilar/corporal 100ml;Laborene;Laborene - 02 Óleo Corporal E Capilar Oliva 100ml;100ml;252,39;7,19;https://www.carrefour.com.br/produto/laborene-02-oleo-corporal-e-capilar-oliva-100ml-330216041
2026-07-02;Supermercado;Carrefour;Óleo capilar/corporal 100ml;Laborene;Laborene - 03 Óleo Corporal E Capilar Rosa Mosqueta 100ml;100ml;252,39;7,19;https://www.carrefour.com.br/produto/laborene-03-oleo-corporal-e-capilar-rosa-mosqueta-100ml-329643353
2026-07-02;Supermercado;Carrefour;Óleo capilar/corporal 100ml;Laborene;Laborene - 02 Óleo Corporal E Capilar Rosa Mosqueta 100ml;100ml;252,39;7,19;https://www.carrefour.com.br/produto/laborene-02-oleo-corporal-e-capilar-rosa-mosqueta-100ml-329559531
2026-07-02;Supermercado;Carrefour;Óleo capilar/corporal 100ml;Farmax;Óleo Farmax Capilar E Corporal Rosa Mosqueta 100ml;100ml;252,39;7,19;https://www.carrefour.com.br/produto/oleo-farmax-capilar-e-corporal-rosa-mosqueta-100ml-328422401
2026-07-02;Supermercado;Carrefour;Óleo capilar/corporal 100ml;Farmax;Óleo Farmax Capilar E Corporal Uva 100ml;100ml;252,39;7,19;https://www.carrefour.com.br/produto/oleo-farmax-capilar-e-corporal-uva-100ml-328422400
2026-07-02;Supermercado;Carrefour;Óleo capilar/corporal 100ml;Farmax;Óleo Farmax Capilar E Corporal Amêndoas 100ml;100ml;252,39;7,19;https://www.carrefour.com.br/produto/oleo-farmax-capilar-e-corporal-amendoas-100ml-328422399
2026-07-02;Supermercado;Carrefour;Óleo capilar/corporal 100ml;Tratamento;Tratamento Capilar Sexy Hair Love Oil Hidratante 100ml;100ml;252,39;7,19;https://www.carrefour.com.br/produto/tratamento-capilar-sexy-hair-love-oil-hidratante-100ml-327649321
2026-07-02;Supermercado;Carrefour;Óleo capilar/corporal 100ml;Avante;Óleo Avante Capilar E Corporal Verde 100ml;100ml;252,39;7,19;https://www.carrefour.com.br/produto/oleo-avante-capilar-e-corporal-verde-100ml-322444573
2026-07-02;Supermercado;Carrefour;Óleo capilar/corporal 100ml;Farmax;Óleo Capilar E Corporal Farmax Semente De Uva 100ml;100ml;252,39;7,19;https://www.carrefour.com.br/produto/oleo-capilar-e-corporal-farmax-semente-de-uva-100ml-1350757
2026-07-02;Supermercado;Carrefour;Óleo capilar/corporal 100ml;Avante;Óleo Avante Capilar E Corporal Coco 100ml;100ml;252,39;7,19;https://www.carrefour.com.br/produto/oleo-avante-capilar-e-corporal-coco-100ml-1350744
2026-07-02;Supermercado;Carrefour;Óleo de rícino;Oleo;Oleo Cabelo E Corpo Marcia 90ml Ricino-kit C/12un;90ml;607,29;41,72;https://www.carrefour.com.br/produto/oleo-cabelo-e-corpo-marcia-90ml-ricino-kit-c12un-332967537
2026-07-02;Supermercado;Carrefour;Óleo de rícino;Oleo;Oleo Capilar Nutrilan 100ml Coco E Ricino - Kit Com 6un;100ml;607,29;41,72;https://www.carrefour.com.br/produto/oleo-capilar-nutrilan-100ml-coco-e-ricino-kit-com-6un-332333910
2026-07-02;Supermercado;Carrefour;Óleo de rícino;Oleo;Oleo Capilar Keratex Ricino 60ml-kit C/6un;60ml;607,29;41,72;https://www.carrefour.com.br/produto/oleo-capilar-keratex-ricino-60ml-kit-c6un-328713599
2026-07-02;Supermercado;Carrefour;Óleo de rícino;Oleo;Oleo Capilar Fixed Keratex Ricino 60ml-kit C/3un;60ml;607,29;41,72;https://www.carrefour.com.br/produto/oleo-capilar-fixed-keratex-ricino-60ml-kit-c3un-328418270
2026-07-02;Supermercado;Carrefour;Óleo de rícino;Oleo;Oleo Capilar Muriel Vita Capili 80ml Ricino - Kit Com 6un;80ml;607,29;41,72;https://www.carrefour.com.br/produto/oleo-capilar-muriel-vita-capili-80ml-ricino-kit-com-6un-335608549
2026-07-02;Supermercado;Carrefour;Óleo de rícino;Oleo;Oleo Capilar Nutrilan 100ml Coco E Ricino - Kit Com 6un;100ml;607,29;41,72;https://www.carrefour.com.br/produto/oleo-capilar-nutrilan-100ml-coco-e-ricino-kit-com-6un-333591216
2026-07-02;Supermercado;Carrefour;Óleo de rícino;Oleo;Oleo Capilar Nutrilan 100ml Coco E Ricino - Kit Com 2;100ml;607,29;41,72;https://www.carrefour.com.br/produto/oleo-capilar-nutrilan-100ml-coco-e-ricino-kit-com-2-333576113
2026-07-02;Supermercado;Carrefour;Óleo de rícino;Oleo;Oleo Cabelo E Corpo Marcia 90ml Ricino-kit C/12un;90ml;607,29;41,72;https://www.carrefour.com.br/produto/oleo-cabelo-e-corpo-marcia-90ml-ricino-kit-c12un-333565854
2026-07-02;Supermercado;Carrefour;Óleo de rícino;Balde;Balde Para Oleo De Ricino Puro 30l Com Tampa - 4 Pçs;30l;607,29;41,72;https://www.carrefour.com.br/produto/balde-para-oleo-de-ricino-puro-30l-com-tampa-4-pcs-337959380
2026-07-02;Supermercado;Carrefour;Óleo de rícino;Kit;Kit Capilar Oleo De Ricino 4 Passos Soul Cosméticos;;607,29;41,72;https://www.carrefour.com.br/produto/kit-capilar-oleo-de-ricino-4-passos-soul-cosmeticos-337217060
2026-07-02;Supermercado;Carrefour;Óleo de rícino;Balde;Balde Para Oleo De Ricino Puro 16l Com Tampa - 2 Pçs;16l;607,29;41,72;https://www.carrefour.com.br/produto/balde-para-oleo-de-ricino-puro-16l-com-tampa-2-pcs-336650226
2026-07-02;Supermercado;Carrefour;Óleo de rícino;Bombona;Bombona 50l Transparente Para Oleo De Ricino Puro - 2 Pçs;50l;607,29;41,72;https://www.carrefour.com.br/produto/bombona-50l-transparente-para-oleo-de-ricino-puro-2-pcs-335993476
2026-07-02;Supermercado;Carrefour;Óleo de banana (unha/cutícula);patrulha;patrulha canina brinquedos;;240,88;3,99;https://www.carrefour.com.br/busca/patrulha%20canina%20brinquedos
2026-07-02;Supermercado;Carrefour;Óleo de banana (unha/cutícula);Beira Alta;Oleo De Banana Beira Alta 90ml-kit C/6un;90ml;240,88;3,99;https://www.carrefour.com.br/produto/oleo-de-banana-beira-alta-90ml-kit-c6un-332981485
2026-07-02;Supermercado;Carrefour;Óleo de banana (unha/cutícula);Beira Alta;Oleo De Banana Beira Alta 90ml-kit C/3un;90ml;240,88;3,99;https://www.carrefour.com.br/produto/oleo-de-banana-beira-alta-90ml-kit-c3un-332980934
2026-07-02;Supermercado;Carrefour;Óleo de banana (unha/cutícula);Beira Alta;Oleo De Banana Beira Alta 90ml-kit C/6un;90ml;240,88;3,99;https://www.carrefour.com.br/produto/oleo-de-banana-beira-alta-90ml-kit-c6un-333653040
2026-07-02;Supermercado;Carrefour;Óleo de banana (unha/cutícula);Beira Alta;Oleo De Banana Beira Alta 90ml-kit C/3un;90ml;240,88;3,99;https://www.carrefour.com.br/produto/oleo-de-banana-beira-alta-90ml-kit-c3un-333385115
2026-07-02;Supermercado;Carrefour;Óleo de banana (unha/cutícula);Impala;5x Impala Regenerador De Esmalte Com Óleo De Banana 35ml;35ml;240,88;3,99;https://www.carrefour.com.br/produto/5x-impala-regenerador-de-esmalte-com-oleo-de-banana-35ml-336968180
2026-07-02;Supermercado;Carrefour;Óleo de banana (unha/cutícula);Ideal;Óleo De Banana Ideal Com 30ml;30ml;240,88;3,99;https://www.carrefour.com.br/produto/oleo-de-banana-ideal-com-30ml-326201811
2026-07-02;Supermercado;Carrefour;Pedra hume pó;poltrona;poltrona papai;;9,99;;https://www.carrefour.com.br/busca/poltrona%20papai
2026-07-02;Supermercado;Carrefour;Pedra hume pó;Ideal;Pedra Hume Ideal Pó Com 50g;50g;9,99;;https://www.carrefour.com.br/produto/pedra-hume-ideal-po-com-50g-326724546
2026-07-02;Supermercado;Carrefour;Pedra hume spray;pedra;pedra prata;;11,99;;https://www.carrefour.com.br/busca/pedra%20prata
2026-07-02;Supermercado;Carrefour;Pedra hume spray;pingente;pingente pedra;;11,99;;https://www.carrefour.com.br/busca/pingente%20pedra
2026-07-02;Supermercado;Carrefour;Pedra hume spray;panela;panela tampa vidro carrefour home;;11,99;;https://www.carrefour.com.br/busca/panela%20tampa%20vidro%20carrefour%20home
2026-07-02;Supermercado;Carrefour;Pedra hume spray;Farmax;Pedra Hume Com Glicerina Farmax Spray Com 30ml;30ml;11,99;;https://www.carrefour.com.br/produto/pedra-hume-com-glicerina-farmax-spray-com-30ml-326384721
2026-07-02;Supermercado;Carrefour;Pedra hume spray;Pedra;Pedra Hume Bellaphytus Spray 30ml Bellaphytus;30ml;11,99;;https://www.carrefour.com.br/produto/pedra-hume-bellaphytus-spray-30ml-bellaphytus-339666165
2026-07-02;Supermercado;Carrefour;Talco desodorante p/ pés;penteadeira;penteadeira;;66,1;6,99;https://www.carrefour.com.br/busca/penteadeira
2026-07-02;Supermercado;Carrefour;Talco desodorante p/ pés;Talco;Talco Para Pes Rexona Women 100g - Kit Com 3un;100g;66,1;6,99;https://www.carrefour.com.br/produto/talco-para-pes-rexona-women-100g-kit-com-3un-328404521
2026-07-02;Supermercado;Carrefour;Talco desodorante p/ pés;Talco;Talco Para Pes Rexona Women 100g - Kit Com 3un;100g;66,1;6,99;https://www.carrefour.com.br/produto/talco-para-pes-rexona-women-100g-kit-com-3un-333396952
2026-07-02;Supermercado;Carrefour;Talco desodorante p/ pés;Talco;Talco Para Pes Rexona Sport 100g - Kit Com 3un;100g;66,1;6,99;https://www.carrefour.com.br/produto/talco-para-pes-rexona-sport-100g-kit-com-3un-328404493
2026-07-02;Supermercado;Carrefour;Talco desodorante p/ pés;Talco;Talco Antisséptico Para Os Pés Above Protect Tradicional 100g;100g;66,1;6,99;https://www.carrefour.com.br/produto/talco-antisseptico-para-os-pes-above-protect-tradicional-100g-338127642
2026-07-02;Supermercado;Carrefour;Talco desodorante p/ pés;Talco;Talco Desodorante Para Os Pés Tênis Sec Teen 100g;100g;66,1;6,99;https://www.carrefour.com.br/produto/talco-desodorante-para-os-pes-tenis-sec-teen-100g-339573285
2026-07-02;Supermercado;Carrefour;Talco desodorante p/ pés;Talco;Talco Antisséptico Canforado Para Os Pés Above 100g;100g;66,1;6,99;https://www.carrefour.com.br/produto/talco-antisseptico-canforado-para-os-pes-above-100g-338127716
2026-07-02;Supermercado;Carrefour;Talco desodorante p/ pés;Tenys Pé;Talco para Pés Tenys Pé Baruel Cânfora 100g;100g;66,1;6,99;https://www.carrefour.com.br/produto/talco-para-pes-tenys-pe-baruel-canfora-100g-5232131
2026-07-02;Supermercado;Carrefour;Talco desodorante p/ pés;Talco;Talco Em Creme Anti-odor Para Os Pés Dermopes Abelha Rainha;;66,1;6,99;https://www.carrefour.com.br/produto/talco-em-creme-anti-odor-para-os-pes-dermopes-abelha-rainha-324720657
2026-07-02;Supermercado;Carrefour;Talco desodorante p/ pés;Talco;Talco Para Os Pés Herbíssimo Antisséptico Perfumado 140g;140g;66,1;6,99;https://www.carrefour.com.br/produto/talco-para-os-pes-herbissimo-antisseptico-perfumado-140g-332757090
2026-07-02;Supermercado;Carrefour;Talco desodorante p/ pés;Talco;Talco Para Os Pés Brotoejol Protege Pé Tradicional Leve 3 Pague 2;;66,1;6,99;https://www.carrefour.com.br/produto/talco-para-os-pes-brotoejol-protege-pe-tradicional-leve-3-pague-2-330764929
2026-07-02;Supermercado;Carrefour;Talco desodorante p/ pés;Talco;Talco Para Os Pés Brotoejol Protege Pé 150g;150g;66,1;6,99;https://www.carrefour.com.br/produto/talco-para-os-pes-brotoejol-protege-pe-150g-330706985
2026-07-02;Supermercado;Carrefour;Glicerina bidestilada;Farmax;Glicerina Pura Bidestilada Farmax 100ml;100ml;9,79;8,99;https://www.carrefour.com.br/produto/glicerina-pura-bidestilada-farmax-100ml-326193674
2026-07-02;Supermercado;Carrefour;Glicerina bidestilada;Farmax;Glicerina Bidestilada Com Aloe Vera Farmax 100ml;100ml;9,79;8,99;https://www.carrefour.com.br/produto/glicerina-bidestilada-com-aloe-vera-farmax-100ml-328666622
2026-07-02;Supermercado;Carrefour;Vaselina líquida;Vasemax;Vaselina Líquida Vasemax 100ml;100ml;595,93;4,94;https://www.carrefour.com.br/produto/vaselina-liquida-vasemax-100ml-1562282
2026-07-02;Supermercado;Carrefour;Vaselina líquida;Vaselina;Vaselina Líquida 500ml Lubrificante Para Fiações E Tubulações Amarelo Dtools;500ml;595,93;4,94;https://www.carrefour.com.br/produto/vaselina-liquida-500ml-lubrificante-para-fiacoes-e-tubulacoes-amarelo-dtools-339940230
2026-07-02;Supermercado;Carrefour;Vaselina líquida;5x;5x Vaselina Liquida Automotiva Industrial 1 Litro Limpa Prot;;595,93;4,94;https://www.carrefour.com.br/produto/5x-vaselina-liquida-automotiva-industrial-1-litro-limpa-prot-336974982
2026-07-02;Supermercado;Carrefour;Vaselina líquida;Kit;Kit 6 Vaselina Líquida Lubrificante Industrial 100ml Moriá;100ml;595,93;4,94;https://www.carrefour.com.br/produto/kit-6-vaselina-liquida-lubrificante-industrial-100ml-moria-330714486
2026-07-02;Supermercado;Carrefour;Vaselina sólida;posto;posto gasolina desconto;;133,74;6,99;https://www.carrefour.com.br/busca/posto%20gasolina%20desconto
2026-07-02;Supermercado;Carrefour;Vaselina sólida;Vaselina;Vaselina Industrial Solida 1 Kg - Vonder;1kg;133,74;6,99;https://www.carrefour.com.br/produto/vaselina-industrial-solida-1-kg-vonder-335323029
2026-07-02;Supermercado;Carrefour;Vaselina sólida;Vaselina;Vaselina Solida Vegetal Gl 3,0kg Tb 3004 Tirebor;3,0kg;133,74;6,99;https://www.carrefour.com.br/produto/vaselina-solida-vegetal-gl-30kg-tb-3004-tirebor-328747727
2026-07-02;Supermercado;Carrefour;Vaselina sólida;Vaselina;Vaselina Solida Farm. 400G;400g;133,74;6,99;https://www.carrefour.com.br/produto/vaselina-solida-farm-400g-310578995
2026-07-02;Supermercado;Carrefour;Vaselina sólida;Vaselina;Vaselina Sólida 500 Gramas - 083 - Gitanes Gitanes;;133,74;6,99;https://www.carrefour.com.br/produto/vaselina-solida-500-gramas-083-gitanes-gitanes-335195846
2026-07-02;Supermercado;Carrefour;Vaselina sólida;Vaselina;Vaselina Sólida 90 Gramas - 175 - Gitanes Gitanes;;133,74;6,99;https://www.carrefour.com.br/produto/vaselina-solida-90-gramas-175-gitanes-gitanes-334633879
2026-07-02;Supermercado;Carrefour;Vaselina sólida;Vaselina;Vaselina Sólida Industrial Vonder - 3 Kg;3kg;133,74;6,99;https://www.carrefour.com.br/produto/vaselina-solida-industrial-vonder-3-kg-338458967
2026-07-02;Supermercado;Carrefour;Vaselina sólida;Vaselina;Vaselina Sólida Industrial Vonder - 2 Kg;2kg;133,74;6,99;https://www.carrefour.com.br/produto/vaselina-solida-industrial-vonder-2-kg-338444539
2026-07-02;Supermercado;Carrefour;Vaselina sólida;Vaselina;Vaselina Sólida 200 Gramas - 161 - Gitanes Gitanes;;133,74;6,99;https://www.carrefour.com.br/produto/vaselina-solida-200-gramas-161-gitanes-gitanes-335195849
2026-07-02;Supermercado;Carrefour;Vaselina sólida;Vaselina;Vaselina Sólida Industrial 100g - 51.60.100.000 - Vonder Vonder;100g;133,74;6,99;https://www.carrefour.com.br/produto/vaselina-solida-industrial-100g-5160100000-vonder-vonder-334646744
2026-07-02;Supermercado;Carrefour;Vaselina sólida;Vaselina;Vaselina Sólida Industrial 450g - 51.60.450.000 - Vonder Vonder;450g;133,74;6,99;https://www.carrefour.com.br/produto/vaselina-solida-industrial-450g-5160450000-vonder-vonder-334637128
2026-07-02;Supermercado;Carrefour;Vaselina sólida;Vasemax;Vaselina Sólida Vasemax 60g;60g;133,74;6,99;https://www.carrefour.com.br/produto/vaselina-solida-vasemax-60g-326196807
2026-07-02;Supermercado;Carrefour;Sabonete íntimo;Sabonete;Sabonete Intimo Sense Ice Belkit 200ml Kit 4 Unidades;200ml;222,18;13,99;https://www.carrefour.com.br/produto/sabonete-intimo-sense-ice-belkit-200ml-kit-4-unidades-314092477
2026-07-02;Supermercado;Carrefour;Sabonete íntimo;Sabonete;Sabonete intimo Morango Apinil 210ml - Kit 24 Unidades;210ml;222,18;13,99;https://www.carrefour.com.br/produto/sabonete-intimo-morango-apinil-210ml-kit-24-unidades-312157870
2026-07-02;Supermercado;Carrefour;Sabonete íntimo;Sabonete;Sabonete Intimo Apimen Apinil 210ml - Kit 06 Unidades;210ml;222,18;13,99;https://www.carrefour.com.br/produto/sabonete-intimo-apimen-apinil-210ml-kit-06-unidades-312154174
2026-07-02;Supermercado;Carrefour;Sabonete íntimo;Sabonete;Sabonete Intimo Menta Apinil 210ml - Kit 24 Unidades;210ml;222,18;13,99;https://www.carrefour.com.br/produto/sabonete-intimo-menta-apinil-210ml-kit-24-unidades-312155024
2026-07-02;Supermercado;Carrefour;Sabonete íntimo;Sabonete;Sabonete Intimo Sense Pitanga Negra Belkit 200ml Kit 6 Unid;200ml;222,18;13,99;https://www.carrefour.com.br/produto/sabonete-intimo-sense-pitanga-negra-belkit-200ml-kit-6-unid-314738006
2026-07-02;Supermercado;Carrefour;Sabonete íntimo;Sabonete;Sabonete Vagisil Intimo Ph Equilíbrio 300ml + Desodorante Aerossol;300ml;222,18;13,99;https://www.carrefour.com.br/produto/sabonete-vagisil-intimo-ph-equilibrio-300ml-desodorante-aerossol-336322896
2026-07-02;Supermercado;Carrefour;Sabonete íntimo;Sabonete;Sabonete Intimo Sense Pitanga Negra Belkit 200ml Kit 4 Unid;200ml;222,18;13,99;https://www.carrefour.com.br/produto/sabonete-intimo-sense-pitanga-negra-belkit-200ml-kit-4-unid-314723251
2026-07-02;Supermercado;Carrefour;Sabonete íntimo;Sabonete;Sabonete Intimo Tradicional Morango Belkit 200ml Kit 40 Unid;200ml;222,18;13,99;https://www.carrefour.com.br/produto/sabonete-intimo-tradicional-morango-belkit-200ml-kit-40-unid-314631756
2026-07-02;Supermercado;Carrefour;Sabonete íntimo;Sabonete;Sabonete Intimo Sense Pitanga Negra Belkit 200ml;200ml;222,18;13,99;https://www.carrefour.com.br/produto/sabonete-intimo-sense-pitanga-negra-belkit-200ml-314827889
2026-07-02;Supermercado;Carrefour;Sabonete íntimo;Sabonete;Sabonete Intimo Black Haus Apinil 210ml Kit 12 Unidades;210ml;222,18;13,99;https://www.carrefour.com.br/produto/sabonete-intimo-black-haus-apinil-210ml-kit-12-unidades-313819598
2026-07-02;Supermercado;Carrefour;Sabonete íntimo;Intimus;Sabonete Intimo Intimus Defesa Natural Fresh 200ml;200ml;222,18;13,99;https://www.carrefour.com.br/produto/sabonete-intimo-intimus-defesa-natural-fresh-200ml-328789750
2026-07-02;Supermercado;Carrefour;Sabonete íntimo;Protex;Sabonete Líquido Intimo Protex Fresh Leve 200ml Pague 150ml;200ml;222,18;13,99;https://www.carrefour.com.br/produto/sabonete-liquido-intimo-protex-fresh-leve-200ml-pague-150ml-5356364
2026-07-02;Supermercado;Carrefour;Água micelar;purificador;purificador agua consul;;127,8;16,73;https://www.carrefour.com.br/busca/purificador%20agua%20consul
2026-07-02;Supermercado;Carrefour;Água micelar;Agua;Agua Micelar Oleo Rosa Mosqueta Belkit - 250ml;250ml;127,8;16,73;https://www.carrefour.com.br/produto/agua-micelar-oleo-rosa-mosqueta-belkit-250ml-315776416
2026-07-02;Supermercado;Carrefour;Água micelar;Agua;Agua Micelar Colageno Max Love 300ml;300ml;127,8;16,73;https://www.carrefour.com.br/produto/agua-micelar-colageno-max-love-300ml-315103516
2026-07-02;Supermercado;Carrefour;Água micelar;Agua;Agua Micelar Cicatricure 5 Em 1 200ml - Kit Com 2un;200ml;127,8;16,73;https://www.carrefour.com.br/produto/agua-micelar-cicatricure-5-em-1-200ml-kit-com-2un-331236774
2026-07-02;Supermercado;Carrefour;Água micelar;Água;Água Micelar Max Love Agua De Coco 290ml;290ml;127,8;16,73;https://www.carrefour.com.br/produto/agua-micelar-max-love-agua-de-coco-290ml-335459450
2026-07-02;Supermercado;Carrefour;Água micelar;Água;Água Micelar Max Love Agua De Coco 290ml;290ml;127,8;16,73;https://www.carrefour.com.br/produto/agua-micelar-max-love-agua-de-coco-290ml-335202002
2026-07-02;Supermercado;Carrefour;Água micelar;Combo;Combo Skin Care Argila Esfoliante Serum Agua Micelar 6 Un;;127,8;16,73;https://www.carrefour.com.br/produto/combo-skin-care-argila-esfoliante-serum-agua-micelar-6-un-315483396
2026-07-02;Supermercado;Carrefour;Água micelar;Inseticida;Inseticida Raid Agua Purificada 420ml;420ml;127,8;16,73;https://www.carrefour.com.br/produto/inseticida-raid-agua-purificada-420ml-331875672
2026-07-02;Supermercado;Carrefour;Água micelar;06und-;06und- Mecha Tic Tac Divertidamente Emoção Inveja Verde Agua;;127,8;16,73;https://www.carrefour.com.br/produto/06und-mecha-tic-tac-divertidamente-emocao-inveja-verde-agua-331862618
2026-07-02;Supermercado;Carrefour;Água micelar;Combo;Combo Skin Care Argila Esfoliante Serum Agua Micelar 6 Un;;127,8;16,73;https://www.carrefour.com.br/produto/combo-skin-care-argila-esfoliante-serum-agua-micelar-6-un-315483402
2026-07-02;Supermercado;Carrefour;Água micelar;Ricca;Ricca - Cleansing Balm Balsamo De Limpeza Facial;;127,8;16,73;https://www.carrefour.com.br/produto/ricca-cleansing-balm-balsamo-de-limpeza-facial-338257304
2026-07-02;Supermercado;Carrefour;Água micelar;Ricca;Ricca - Cleansing Oil Oleo De Limpeza Facial;;127,8;16,73;https://www.carrefour.com.br/produto/ricca-cleansing-oil-oleo-de-limpeza-facial-338257291
2026-07-02;Supermercado;Carrefour;Repelente;Off;Repelente Off Family Spray 100ml;100ml;113,9;10,69;https://mercado.carrefour.com.br/produto/repelente-off-family-spray-100ml-19101
2026-07-02;Supermercado;Carrefour;Repelente;Off;Repelente de Insetos Loção Off! Active Longa Duração Squeeze 100ml;100ml;113,9;10,69;https://mercado.carrefour.com.br/produto/repelente-de-insetos-locao-off-active-longa-duracao-squeeze-100ml-18910
2026-07-02;Supermercado;Carrefour;Repelente;Repelente;Repelente Infantil Sem Álcool Johnson's Baby Anti Mosquito 200ml;200ml;113,9;10,69;https://mercado.carrefour.com.br/produto/repelente-infantil-sem-alcool-johnsons-baby-anti-mosquito-200ml-15862
2026-07-02;Supermercado;Carrefour;Repelente;Off;Repelente Off Baby Loção em Gel 117ml;117ml;113,9;10,69;https://mercado.carrefour.com.br/produto/repelente-off-baby-locao-em-gel-117ml-19083
2026-07-02;Supermercado;Carrefour;Repelente;Exposis;Repelente Exposis Extreme para Roupa Até 10 Horas de Proteção em Spray Garrafa 200 ml;200ml;113,9;10,69;https://mercado.carrefour.com.br/produto/repelente-exposis-extreme-para-roupa-ate-10-horas-de-protecao-em-spray-garrafa-200-ml-317271288
2026-07-02;Supermercado;Carrefour;Repelente;Repelex;Repelex Repelente Family Care Loção 200ml 25% de Desconto;200ml;113,9;10,69;https://mercado.carrefour.com.br/produto/repelex-repelente-family-care-locao-200ml-25-de-desconto-11760
2026-07-02;Supermercado;Carrefour;Repelente;Multi-Inseticida;Multi-Inseticida à Base de Água Repelex Frasco 280ml Borrifador;280ml;113,9;10,69;https://mercado.carrefour.com.br/produto/multi-inseticida-a-base-de-agua-repelex-frasco-280ml-borrifador-331246059
2026-07-02;Supermercado;Carrefour;Repelente;Kit;Kit Aparelho Elétrico + Refil Repelente Líquido 30 Noites Repelex 40ml;40ml;113,9;10,69;https://mercado.carrefour.com.br/produto/kit-aparelho-eletrico-refil-repelente-liquido-30-noites-repelex-40ml-330566952
2026-07-02;Supermercado;Carrefour;Repelente;SBP;Repelente para Bebê SBP Baby Loção Corporal com Icaridina 100ml;100ml;113,9;10,69;https://mercado.carrefour.com.br/produto/repelente-para-bebe-sbp-baby-locao-corporal-com-icaridina-100ml-6819521
2026-07-02;Supermercado;Carrefour;Repelente;Farmax;Repelente de Inseto Adulto Moskitoff com DEET Spray Farmax 200ml;200ml;113,9;10,69;https://mercado.carrefour.com.br/produto/repelente-de-inseto-adulto-moskitoff-com-deet-spray-farmax-200ml-328833272
2026-07-02;Supermercado;Carrefour;Repelente;Exposis;Repelente Exposis Extreme Bebe Até 6 Horas de Proteção em Gel Tudo 117 g;117g;113,9;10,69;https://mercado.carrefour.com.br/produto/repelente-exposis-extreme-bebe-ate-6-horas-de-protecao-em-gel-tudo-117-g-6785136
2026-07-02;Supermercado;Carrefour;Repelente;Repelex;Repelex Repelente Family Care Loção 200ml;200ml;113,9;10,69;https://mercado.carrefour.com.br/produto/repelex-repelente-family-care-locao-200ml-313305383
2026-07-02;Supermercado;Carrefour;Sebo de carneiro;Produto;Produto Indisponível;;96,82;12,7;https://www.carrefour.com.br/produto/sebo-de-carneiro-plus-fashion-500ml-334569599
2026-07-02;Supermercado;Carrefour;Sebo de carneiro;Produto;Produto Indisponível;;96,82;12,7;https://www.carrefour.com.br/produto/sebo-de-carneiro-esfoliante-fashion-334570278
2026-07-02;Supermercado;Carrefour;Sebo de carneiro;Produto;Produto Indisponível;;96,82;12,7;https://www.carrefour.com.br/produto/sebo-de-carneiro-tradicional-apinil-334570498
2026-07-02;Supermercado;Carrefour;Sebo de carneiro;Amend;Creme Hidratante Sebo De Carneiro Oleo De Amendoa Glicerina Belkit 250g;250g;96,82;12,7;https://www.carrefour.com.br/produto/creme-hidratante-sebo-de-carneiro-oleo-de-amendoa-glicerina-belkit-250g-315867549
2026-07-02;Supermercado;Carrefour;Sebo de carneiro;Creme;Creme Hidratante Argam e Sebo de Carneiro Apinil - Pote 240g - Kit 6 Unidades;240g;96,82;12,7;https://www.carrefour.com.br/produto/creme-hidratante-argam-e-sebo-de-carneiro-apinil-pote-240g-kit-6-unidades-312856796
2026-07-02;Supermercado;Carrefour;Sebo de carneiro;Massagem;Massagem Hidrata Alivia Relaxa Creme Gel Loção Sebo Carneiro;;96,82;12,7;https://www.carrefour.com.br/produto/massagem-hidrata-alivia-relaxa-creme-gel-locao-sebo-carneiro-335513136
2026-07-02;Supermercado;Carrefour;Sebo de carneiro;Gel;Gel Massageador 17 Ervas E Sebo De Carneiro Frasco 200g;200g;96,82;12,7;https://www.carrefour.com.br/produto/gel-massageador-17-ervas-e-sebo-de-carneiro-frasco-200g-314225400
2026-07-02;Supermercado;Carrefour;Sebo de carneiro;Creme;Creme Hidratante Argam E Sebo De Carneiro Apinil Bisn 200g;200g;96,82;12,7;https://www.carrefour.com.br/produto/creme-hidratante-argam-e-sebo-de-carneiro-apinil-bisn-200g-313432508
2026-07-02;Supermercado;Carrefour;Sebo de carneiro;Creme;Creme Para Mãos Pés E Cotovelos Sebo De Carneiro 200ml;200ml;96,82;12,7;https://www.carrefour.com.br/produto/creme-para-maos-pes-e-cotovelos-sebo-de-carneiro-200ml-1350595
2026-07-02;Supermercado;Carrefour;Sebo de carneiro;Avante;Creme Hidratante Sebo De Carneiro Avante 200g;200g;96,82;12,7;https://www.carrefour.com.br/produto/creme-hidratante-sebo-de-carneiro-avante-200g-326453101
2026-07-02;Supermercado;Carrefour;Sebo de carneiro;Lisa;Lisa Hidratante Biosoft Sebo De Carneiro Pés Mãos E Cotovelos 220g;220g;96,82;12,7;https://www.carrefour.com.br/produto/lisa-hidratante-biosoft-sebo-de-carneiro-pes-maos-e-cotovelos-220g-337401429
